title,rank,date,artist,region,chart,streams
Chantaje (feat. Maluma),1,2017-01-01,Shakira,Argentina,top200,253019
Vente Pa' Ca (feat. Maluma),2,2017-01-01,Ricky Martin,Argentina,top200,223988
Reggaetón Lento (Bailemos),3,2017-01-01,CNCO,Argentina,top200,210943
Safari,4,2017-01-01,"J Balvin, Pharrell Williams, BIA, Sky",Argentina,top200,173865
Shaky Shaky,5,2017-01-01,Daddy Yankee,Argentina,top200,153956
Traicionera,6,2017-01-01,Sebastian Yatra,Argentina,top200,151140
Cuando Se Pone a Bailar,7,2017-01-01,Rombai,Argentina,top200,148369
Otra vez (feat. J Balvin),8,2017-01-01,Zion & Lennox,Argentina,top200,143004
La Bicicleta,9,2017-01-01,"Carlos Vives, Shakira",Argentina,top200,126389
Dile Que Tu Me Quieres,10,2017-01-01,Ozuna,Argentina,top200,112012
Andas En Mi Cabeza,11,2017-01-01,"Chino & Nacho, Daddy Yankee",Argentina,top200,110395
Desde Esa Noche (feat. Maluma),12,2017-01-01,Thalia,Argentina,top200,104592
Borro Cassette,13,2017-01-01,Maluma,Argentina,top200,101535
Gyal You A Party Animal - Remix,14,2017-01-01,"Charly Black, Daddy Yankee",Argentina,top200,99722
Me llamas (feat. Maluma) - Remix,15,2017-01-01,Piso 21,Argentina,top200,95010
La Bicicleta (feat. Maluma) - Remix,16,2017-01-01,"Carlos Vives, Shakira",Argentina,top200,92723
DUELE EL CORAZON (feat. Wisin),17,2017-01-01,Enrique Iglesias,Argentina,top200,91325
Let Me Love You,18,2017-01-01,"DJ Snake, Justin Bieber",Argentina,top200,87926
La Noche No Es para Dormir,19,2017-01-01,Mano Arriba,Argentina,top200,87033
Vacaciones,20,2017-01-01,Wisin,Argentina,top200,86103
Rockabye (feat. Sean Paul & Anne-Marie),21,2017-01-01,Clean Bandit,Argentina,top200,76123
Carnavalintro,22,2017-01-01,Chano,Argentina,top200,71963
"Ay Mi Dios (feat. Pitbull, Yandel & Chacal)",23,2017-01-01,"IAmChino, El Chacal",Argentina,top200,71892
One Dance,24,2017-01-01,"Drake, WizKid, Kyla",Argentina,top200,71498
My Way,25,2017-01-01,Calvin Harris,Argentina,top200,70795
Cold Water (feat. Justin Bieber & MØ),26,2017-01-01,Major Lazer,Argentina,top200,70260
La Gozadera (feat. Marc Anthony),27,2017-01-01,Gente De Zona,Argentina,top200,70028
Llamame Mas Temprano,28,2017-01-01,Mano Arriba,Argentina,top200,69382
Starboy,29,2017-01-01,"The Weeknd, Daft Punk",Argentina,top200,65518
Manicomio,30,2017-01-01,Cosculluela,Argentina,top200,64998
"Cuatro Babys (feat. Trap Capos, Noriel, Bryant Myers & Juhn)",31,2017-01-01,Maluma,Argentina,top200,64907
Don't Wanna Know,32,2017-01-01,"Maroon 5, Kendrick Lamar",Argentina,top200,61714
Sin Contrato (feat. Don Omar & Wisin) - Remix,33,2017-01-01,Maluma,Argentina,top200,59903
24K Magic,34,2017-01-01,Bruno Mars,Argentina,top200,58801
"CAN'T STOP THE FEELING! (Original Song from DreamWorks Animation's ""TROLLS"")",35,2017-01-01,Justin Timberlake,Argentina,top200,56170
Fuego,36,2017-01-01,Juanes,Argentina,top200,55902
Bobo,37,2017-01-01,J Balvin,Argentina,top200,55360
In the Name of Love,38,2017-01-01,"Martin Garrix, Bebe Rexha",Argentina,top200,54980
Tu Ritmo,39,2017-01-01,Los Bonnitos,Argentina,top200,54081
I Took A Pill In Ibiza - Seeb Remix,40,2017-01-01,Mike Posner,Argentina,top200,53270
Ya Me Enteré (feat. Nicky Jam) - Urban Version,41,2017-01-01,Reik,Argentina,top200,52907
No Quiere Enamorarse (Remix) [feat. Daddy Yankee],42,2017-01-01,Ozuna,Argentina,top200,52670
Te Quiero Pa´Mi,43,2017-01-01,"Don Omar, Zion & Lennox",Argentina,top200,51352
Sin Contrato (feat. Fifth Harmony),44,2017-01-01,Maluma,Argentina,top200,51115
Picky,45,2017-01-01,Joey Montana,Argentina,top200,51113
Work,46,2017-01-01,"Rihanna, Drake",Argentina,top200,50655
Noche Loca,47,2017-01-01,"Marama, Rombai",Argentina,top200,49100
Don't Let Me Down (feat. Daya),48,2017-01-01,The Chainsmokers,Argentina,top200,48767
Hasta el Amanecer,49,2017-01-01,Nicky Jam,Argentina,top200,47672
Le Hace Falta un Beso,50,2017-01-01,Agapornis,Argentina,top200,45251
Cake By The Ocean,51,2017-01-01,DNCE,Argentina,top200,44524
Chillax (feat. Ky-Mani Marley),52,2017-01-01,Farruko,Argentina,top200,44495
Loquita,53,2017-01-01,Marama,Argentina,top200,43894
Te Vas,54,2017-01-01,Ozuna,Argentina,top200,43704
Closer,55,2017-01-01,"The Chainsmokers, Halsey",Argentina,top200,43403
Locuras contigo,56,2017-01-01,Rombai,Argentina,top200,43260
Treat You Better,57,2017-01-01,Shawn Mendes,Argentina,top200,42815
Era Tranquila,58,2017-01-01,Marama,Argentina,top200,42785
Baila,59,2017-01-01,Agapornis,Argentina,top200,42127
Nena,60,2017-01-01,Marama,Argentina,top200,41737
Deja De Llorar,61,2017-01-01,El Polaco,Argentina,top200,40065
El Perdedor,62,2017-01-01,Maluma,Argentina,top200,39691
Traicionera - Remix,63,2017-01-01,"Sebastian Yatra, Cosculluela, Cali Y El Dandee",Argentina,top200,37518
Yo te propongo,64,2017-01-01,Rombai,Argentina,top200,36808
El Perdedor (feat. Yandel) - The Remix,65,2017-01-01,Maluma,Argentina,top200,36510
Lo Intentamos,66,2017-01-01,Marama,Argentina,top200,35965
Hasta la luna,67,2017-01-01,#TocoParaVos,Argentina,top200,35806
Comerte a Besos,68,2017-01-01,"Pijama Party, Cande Buasso",Argentina,top200,34879
La Mordidita (feat. Yotuel),69,2017-01-01,Ricky Martin,Argentina,top200,34638
Ginza,70,2017-01-01,J Balvin,Argentina,top200,34542
Call On Me - Ryan Riback Extended Remix,71,2017-01-01,Starley,Argentina,top200,33892
El Perdón,72,2017-01-01,"Nicky Jam, Enrique Iglesias",Argentina,top200,33188
Pasarla Bien,73,2017-01-01,Marama,Argentina,top200,33111
No Llores,74,2017-01-01,LOAN,Argentina,top200,32778
Would I Lie to You - Radio Edit,75,2017-01-01,"David Guetta, Cedric Gervais, Chris Willis",Argentina,top200,32198
I Feel It Coming,76,2017-01-01,"The Weeknd, Daft Punk",Argentina,top200,30754
Baila Conmigo,77,2017-01-01,"Juan Magán, Luciana",Argentina,top200,30623
Una Cerveza,78,2017-01-01,Rafaga,Argentina,top200,30368
Me Ama Me Odia,79,2017-01-01,"Ozuna, Cosculluela, Revol",Argentina,top200,29979
Just Hold On,80,2017-01-01,"Steve Aoki, Louis Tomlinson",Argentina,top200,29609
Side To Side,81,2017-01-01,"Ariana Grande, Nicki Minaj",Argentina,top200,29228
Bailame Despacio,82,2017-01-01,"Xantos, Dynell",Argentina,top200,28781
Todo Comenzó Bailando,83,2017-01-01,Marama,Argentina,top200,28728
Cheap Thrills Remix (feat. Nicky Jam),84,2017-01-01,Sia,Argentina,top200,28288
Se Pone Loca,85,2017-01-01,"CantoParaBailar, Lucas Sugo",Argentina,top200,27694
Cheap Thrills,86,2017-01-01,Sia,Argentina,top200,26885
Work from Home (feat. Ty Dolla $ign),87,2017-01-01,Fifth Harmony,Argentina,top200,26840
We Don't Talk Anymore (feat. Selena Gomez),88,2017-01-01,Charlie Puth,Argentina,top200,26777
"Diles (feat. Arcangel, Nengo Flow, Dj Luian & Mambo Kings)",89,2017-01-01,"Ozuna, Bad Bunny, Farruko, Ñengo Flow",Argentina,top200,25622
Pájaro Cantor,90,2017-01-01,Abel Pintos,Argentina,top200,25525
Hasta Que Se Seque el Malecón (feat. Farruko) - Remix,91,2017-01-01,Jacob Forever,Argentina,top200,24999
Amor y dolor,92,2017-01-01,"Carlos Baute, Alexis y Fido",Argentina,top200,24874
Si Te Vas,93,2017-01-01,Agapornis,Argentina,top200,24819
Papi Shampu,94,2017-01-01,Papichamp,Argentina,top200,24369
Ruleta Rusa,95,2017-01-01,Kevin Roldan,Argentina,top200,24358
Dale Tu Amor (feat. El Polaco),96,2017-01-01,Agapornis,Argentina,top200,24345
Me Reclama,97,2017-01-01,"Mambo Kingz, DJ Luian, Luigi 21 Plus, Ozuna",Argentina,top200,24260
Márchate ahora,98,2017-01-01,Los Totora,Argentina,top200,24133
Bronceado,99,2017-01-01,Marama,Argentina,top200,24077
Te Vas - Version Cumbia,100,2017-01-01,"aLee DJ, Zeta Music",Argentina,top200,23981
Bailando - Spanish Version,101,2017-01-01,"Enrique Iglesias, Descemer Bueno, Gente De Zona",Argentina,top200,23646
Llegaste tú (feat. Reykon),102,2017-01-01,Sofía Reyes,Argentina,top200,23181
Corazon De Seda (feat. Ozuna),155,2017-01-01,Klasico,Argentina,top200,18065
Por Fin Te Encontré,103,2017-01-01,"Cali Y El Dandee, Juan Magán, Sebastian Yatra",Argentina,top200,23178
Fuiste,104,2017-01-01,Gilda,Argentina,top200,23090
No Me Arrepiento de Este Amor,105,2017-01-01,Gilda,Argentina,top200,23046
Encantadora (feat. Farruko & Zion & Lennox) - Remix,106,2017-01-01,"Yandel, Egbert Rosa aka Haze",Argentina,top200,22948
Si Te Dejas Llevar (feat. Juanka),107,2017-01-01,Ozuna,Argentina,top200,22878
Sola Otra Vez,108,2017-01-01,El Polaco,Argentina,top200,22560
Curiosidad,109,2017-01-01,Rombai,Argentina,top200,22396
Te Amo y Odio,110,2017-01-01,Marama,Argentina,top200,22073
The Greatest (feat. Kendrick Lamar),111,2017-01-01,Sia,Argentina,top200,22060
Ride,112,2017-01-01,Twenty One Pilots,Argentina,top200,22015
Mi tesoro (feat. Nicky Jam),113,2017-01-01,Zion & Lennox,Argentina,top200,21803
743,114,2017-01-01,Miranda!,Argentina,top200,21584
Dame la Mano,115,2017-01-01,Los Bonnitos,Argentina,top200,21405
Love Yourself,116,2017-01-01,Justin Bieber,Argentina,top200,21354
Una historia,117,2017-01-01,#TocoParaVos,Argentina,top200,21108
La Llave,118,2017-01-01,Agapornis,Argentina,top200,20952
De Pies A Cabeza,119,2017-01-01,"Maná, Nicky Jam",Argentina,top200,20942
Me Estoy Enamorando,120,2017-01-01,Agapornis,Argentina,top200,20900
Ella,121,2017-01-01,Agapornis,Argentina,top200,20643
This Is What You Came For (feat. Rihanna),122,2017-01-01,Calvin Harris,Argentina,top200,20349
Andas En Mi Cabeza - Remix,123,2017-01-01,"Chino & Nacho, Daddy Yankee, Don Omar, Wisin",Argentina,top200,20121
This Girl (Kungs Vs. Cookin' On 3 Burners),124,2017-01-01,Kungs,Argentina,top200,19920
Yo Tomo Licor,125,2017-01-01,Amar Azul,Argentina,top200,19889
Hoy,126,2017-01-01,Agapornis,Argentina,top200,19864
Sorry,127,2017-01-01,Justin Bieber,Argentina,top200,19775
No Te Vayas,128,2017-01-01,Marama,Argentina,top200,19753
Un Beso,129,2017-01-01,"Danny Paz, El Villano",Argentina,top200,19697
Hoy Acá en el Baile (Cara de Gitana) - Versión el Pepo,130,2017-01-01,El Pepo,Argentina,top200,19577
Fanática Sensual,131,2017-01-01,Plan B,Argentina,top200,19523
Trumpets,132,2017-01-01,"Sak Noel & Salvi, Sean Paul",Argentina,top200,19427
"Sola (Remix) [feat. Daddy Yankee, Wisin, Farruko, Zion & Lennox]",133,2017-01-01,Anuel AA,Argentina,top200,19335
Heathens,134,2017-01-01,Twenty One Pilots,Argentina,top200,19334
Ocho Cuarenta,135,2017-01-01,Rodrigo,Argentina,top200,19319
El Taxi,136,2017-01-01,"Pitbull, Sensato, Osmani Garcia ""La Voz""",Argentina,top200,19272
The Mack,137,2017-01-01,"Nevada, Mark Morrison, Fetty Wap",Argentina,top200,19192
Que Bonito,138,2017-01-01,Banda XXI,Argentina,top200,19093
El chisme,139,2017-01-01,Reykon,Argentina,top200,18931
Hymn for the Weekend - Seeb Remix,140,2017-01-01,Coldplay,Argentina,top200,18823
Acércate (feat. Nicky Jam) - Remix,141,2017-01-01,De La Ghetto,Argentina,top200,18810
Si ella quisiera,142,2017-01-01,Justin Quiles,Argentina,top200,18769
El Bombón,143,2017-01-01,Los Palmeras,Argentina,top200,18741
Hello,144,2017-01-01,"KAROL G, Ozuna",Argentina,top200,18555
Cuando Me Enamoro,145,2017-01-01,Banda XXI,Argentina,top200,18527
Yo tambien,146,2017-01-01,Rombai,Argentina,top200,18433
Soy Cordobes,147,2017-01-01,Rodrigo,Argentina,top200,18428
Linda,148,2017-01-01,Marka Akme,Argentina,top200,18284
Nunca me Faltes,149,2017-01-01,Antonio Rios,Argentina,top200,18253
Segundas Intenciones,150,2017-01-01,Rombai,Argentina,top200,18247
La Ventanita,151,2017-01-01,Grupo Sombras,Argentina,top200,18237
Chica Real,152,2017-01-01,El Villano,Argentina,top200,18209
Pierde Los Modales,153,2017-01-01,"J Balvin, Daddy Yankee",Argentina,top200,18126
Una Cita - Remix,154,2017-01-01,"Alkilados, Nicky Jam, J Alvarez, El Roockie",Argentina,top200,18103
743,88,2017-01-02,Miranda!,Argentina,top200,20351
Olvídala,156,2017-01-01,Banda XXI,Argentina,top200,17636
La Cumbita,157,2017-01-01,Tambó Tambó,Argentina,top200,17626
Si me dices que sí (feat. Nicky Jam),158,2017-01-01,Cosculluela,Argentina,top200,17442
Otra copa (feat. Farruko),159,2017-01-01,Justin Quiles,Argentina,top200,17336
Hola,160,2017-01-01,Joey Montana,Argentina,top200,17168
No Me Olvides,161,2017-01-01,La Beriso,Argentina,top200,17000
Adios,162,2017-01-01,Rombai,Argentina,top200,16874
Acá Estoy,163,2017-01-01,El Reja,Argentina,top200,16865
Stressed Out,164,2017-01-01,Twenty One Pilots,Argentina,top200,16845
Si Ella Quisiera - Remix,165,2017-01-01,"Justin Quiles, Yandel, Gadiel",Argentina,top200,16789
Amores Como el Nuestro,166,2017-01-01,Los Charros,Argentina,top200,16760
Taste Of Love,167,2017-01-01,Maxi Trusso,Argentina,top200,16734
Que Raro,168,2017-01-01,"Feid, J Balvin",Argentina,top200,16670
Te busco (feat. Nicky Jam),169,2017-01-01,Cosculluela,Argentina,top200,16642
I Will Be There (feat. ChocQuibTown),170,2017-01-01,"Agapornis, Come & C",Argentina,top200,16424
Una Noche Contigo,171,2017-01-01,"Marama, Rombai",Argentina,top200,16390
Sin Contrato,172,2017-01-01,Maluma,Argentina,top200,16305
Como Le Digo,173,2017-01-01,Rodrigo,Argentina,top200,16260
Cheap Thrills,174,2017-01-01,Corta La Bocha,Argentina,top200,16202
Light It Up (feat. Nyla & Fuse ODG) - Remix,175,2017-01-01,Major Lazer,Argentina,top200,16184
"La Ocasion (feat. Arcangel, Ozuna & Anuel Aa)",176,2017-01-01,"De La Ghetto, Mambo Kingz, DJ Luian",Argentina,top200,16131
Cuando Pase El Temblor - Remasterizado 2007,177,2017-01-01,Soda Stereo,Argentina,top200,16070
Jamas,178,2017-01-01,RC BAND,Argentina,top200,16013
Deja Que Te Bese,179,2017-01-01,"Alejandro Sanz, Marc Anthony",Argentina,top200,15920
Time of Our Lives,180,2017-01-01,"Pitbull, Ne-Yo",Argentina,top200,15837
Gyal You A Party Animal,181,2017-01-01,Charly Black,Argentina,top200,15804
Perfect Strangers,182,2017-01-01,"Jonas Blue, JP Cooper",Argentina,top200,15747
Ego,183,2017-01-01,Lali,Argentina,top200,15701
Se Parece Más A Ti,184,2017-01-01,Jambao,Argentina,top200,15600
Persiana Americana,185,2017-01-01,Agapornis,Argentina,top200,15501
Carnaval,186,2017-01-01,Maluma,Argentina,top200,14952
Quiero Que Sepas,187,2017-01-01,Juan Magán,Argentina,top200,14900
Adventure of a Lifetime,188,2017-01-01,Coldplay,Argentina,top200,14834
Volaré,189,2017-01-01,Benjamín Amadeo,Argentina,top200,14786
The Greatest,190,2017-01-01,Sia,Argentina,top200,14783
Madrugada,191,2017-01-01,La Beriso,Argentina,top200,14684
What Do You Mean?,192,2017-01-01,Justin Bieber,Argentina,top200,14498
En La Intimidad,193,2017-01-01,Ozuna,Argentina,top200,14484
Tus Ojos No Me Ven,194,2017-01-01,Agapornis,Argentina,top200,14483
Una Ráfaga de Amor,195,2017-01-01,Rafaga,Argentina,top200,14419
Sólo necesito,196,2017-01-01,#TocoParaVos,Argentina,top200,14397
Lean On (feat. MØ & DJ Snake),197,2017-01-01,Major Lazer,Argentina,top200,14304
Sugar,198,2017-01-01,Maroon 5,Argentina,top200,14248
No hay más nada,199,2017-01-01,Los Totora,Argentina,top200,14232
Tal Vez,200,2017-01-01,Marama,Argentina,top200,14204
Starboy,1,2017-01-01,"The Weeknd, Daft Punk",Australia,top200,107350
Rockabye (feat. Sean Paul & Anne-Marie),2,2017-01-01,Clean Bandit,Australia,top200,105111
Closer,3,2017-01-01,"The Chainsmokers, Halsey",Australia,top200,100617
"I Don’t Wanna Live Forever (Fifty Shades Darker) - From ""Fifty Shades Darker (Original Motion Picture Soundtrack)""",4,2017-01-01,"ZAYN, Taylor Swift",Australia,top200,88335
Call On Me - Ryan Riback Extended Remix,5,2017-01-01,Starley,Australia,top200,83729
Say You Won't Let Go,6,2017-01-01,James Arthur,Australia,top200,81542
I Feel It Coming,7,2017-01-01,"The Weeknd, Daft Punk",Australia,top200,81455
Sexual,8,2017-01-01,"NEIKED, Dyo",Australia,top200,80609
Let Me Love You,9,2017-01-01,"DJ Snake, Justin Bieber",Australia,top200,75363
The Mack,10,2017-01-01,"Nevada, Mark Morrison, Fetty Wap",Australia,top200,74950
Don't Wanna Know,11,2017-01-01,"Maroon 5, Kendrick Lamar",Australia,top200,72216
24K Magic,12,2017-01-01,Bruno Mars,Australia,top200,72054
Stranger (feat. Elliphant),13,2017-01-01,Peking Duk,Australia,top200,70552
Cold Water (feat. Justin Bieber & MØ),14,2017-01-01,Major Lazer,Australia,top200,68561
Black Beatles,15,2017-01-01,"Rae Sremmurd, Gucci Mane",Australia,top200,67650
Fresh Eyes,16,2017-01-01,Andy Grammer,Australia,top200,65459
Love$ick (feat. A$AP Rocky),17,2017-01-01,Mura Masa,Australia,top200,64332
I Would Like,18,2017-01-01,Zara Larsson,Australia,top200,63033
Scars To Your Beautiful,19,2017-01-01,Alessia Cara,Australia,top200,62689
Fake Love,20,2017-01-01,Drake,Australia,top200,62524
Capsize,21,2017-01-01,"FRENSHIP, Emily Warren",Australia,top200,60863
All We Know,22,2017-01-01,"The Chainsmokers, Phoebe Ryan",Australia,top200,60512
Starving,23,2017-01-01,"Hailee Steinfeld, Grey, Zedd",Australia,top200,60100
My Way,24,2017-01-01,Calvin Harris,Australia,top200,57205
In the Name of Love,25,2017-01-01,"Martin Garrix, Bebe Rexha",Australia,top200,57085
All Night,26,2017-01-01,"The Vamps, Matoma",Australia,top200,56014
One Dance,27,2017-01-01,"Drake, WizKid, Kyla",Australia,top200,55526
Just Hold On,28,2017-01-01,"Steve Aoki, Louis Tomlinson",Australia,top200,54925
By Your Side,29,2017-01-01,"Jonas Blue, RAYE",Australia,top200,54698
Say It (feat. Tove Lo),30,2017-01-01,Flume,Australia,top200,54379
Catch 22 (feat. Anne-Marie),31,2017-01-01,Illy,Australia,top200,53622
Cocoon,32,2017-01-01,Milky Chance,Australia,top200,52765
Mercy,33,2017-01-01,Shawn Mendes,Australia,top200,50681
Now and Later,34,2017-01-01,Sage The Gemini,Australia,top200,49628
Shed a Light,35,2017-01-01,"Robin Schulz, David Guetta, Cheat Codes",Australia,top200,48701
The Ocean (feat. Shy Martin),36,2017-01-01,Mike Perry,Australia,top200,48445
Setting Fires,37,2017-01-01,"The Chainsmokers, XYLØ",Australia,top200,47468
Trust Nobody (feat. Selena Gomez & Tory Lanez),38,2017-01-01,Cashmere Cat,Australia,top200,45886
"CAN'T STOP THE FEELING! (Original Song from DreamWorks Animation's ""TROLLS"")",39,2017-01-01,Justin Timberlake,Australia,top200,45779
Side To Side,40,2017-01-01,"Ariana Grande, Nicki Minaj",Australia,top200,45680
Love on Me,41,2017-01-01,"Galantis, Hook N Sling",Australia,top200,42626
Never Be Like You,42,2017-01-01,"Flume, kai",Australia,top200,40297
Chameleon,43,2017-01-01,PNAU,Australia,top200,40114
Perfect Strangers,44,2017-01-01,"Jonas Blue, JP Cooper",Australia,top200,39312
Dancing On My Own,45,2017-01-01,Calum Scott,Australia,top200,37738
Redbone,46,2017-01-01,Childish Gambino,Australia,top200,35557
Papercuts (feat. Vera Blue),47,2017-01-01,Illy,Australia,top200,35532
Bad Things (with Camila Cabello),48,2017-01-01,Machine Gun Kelly,Australia,top200,35340
Juju on That Beat (TZ Anthem),49,2017-01-01,"Zay Hilfigerrr, Zayion McCall",Australia,top200,35018
Don't Let Me Down (feat. Daya),50,2017-01-01,The Chainsmokers,Australia,top200,34061
The Greatest (feat. Kendrick Lamar),51,2017-01-01,Sia,Australia,top200,32679
This Is What You Came For (feat. Rihanna),52,2017-01-01,Calvin Harris,Australia,top200,30804
Treat You Better,53,2017-01-01,Shawn Mendes,Australia,top200,29086
Heathens,54,2017-01-01,Twenty One Pilots,Australia,top200,28821
Sorry,55,2017-01-01,Justin Bieber,Australia,top200,28250
Love Me Now,56,2017-01-01,John Legend,Australia,top200,27967
Make Me (Cry),57,2017-01-01,"Noah Cyrus, Labrinth",Australia,top200,27541
After the Afterparty (feat. Lil Yachty),58,2017-01-01,Charli XCX,Australia,top200,27506
Cheap Thrills,59,2017-01-01,Sia,Australia,top200,27371
I Took A Pill In Ibiza - Seeb Remix,60,2017-01-01,Mike Posner,Australia,top200,26302
Lean On (feat. MØ & DJ Snake),61,2017-01-01,Major Lazer,Australia,top200,26286
Final Song,62,2017-01-01,MØ,Australia,top200,25547
"How Far I'll Go - From ""Moana""",63,2017-01-01,Alessia Cara,Australia,top200,25477
Bad and Boujee (feat. Lil Uzi Vert),64,2017-01-01,Migos,Australia,top200,25042
Broccoli (feat. Lil Yachty),65,2017-01-01,Shelley FKA DRAM,Australia,top200,24648
Party Monster,66,2017-01-01,The Weeknd,Australia,top200,24466
Oh Lord,67,2017-01-01,MiC LOWRY,Australia,top200,24463
Shout Out to My Ex,68,2017-01-01,Little Mix,Australia,top200,24031
Please Don't Go,69,2017-01-01,Joel Adams,Australia,top200,23598
On Hold,70,2017-01-01,The xx,Australia,top200,23595
Drinkee,71,2017-01-01,Sofi Tukker,Australia,top200,22725
Too Good,72,2017-01-01,"Drake, Rihanna",Australia,top200,22704
Love Yourself,73,2017-01-01,Justin Bieber,Australia,top200,22608
Work from Home (feat. Ty Dolla $ign),74,2017-01-01,Fifth Harmony,Australia,top200,22188
Human,75,2017-01-01,Rag'n'Bone Man,Australia,top200,21806
Frozen,76,2017-01-01,"PON CHO, Paige IV",Australia,top200,21464
Water Under the Bridge,77,2017-01-01,Adele,Australia,top200,21383
We Don't Talk Anymore (feat. Selena Gomez),78,2017-01-01,Charlie Puth,Australia,top200,21150
1955,79,2017-01-01,"Hilltop Hoods, Montaigne, Tom Thum",Australia,top200,21112
Hymn for the Weekend - Seeb Remix,80,2017-01-01,Coldplay,Australia,top200,20557
Deja Vu,81,2017-01-01,J. Cole,Australia,top200,20549
Panda,82,2017-01-01,Desiigner,Australia,top200,20513
On Your Side,83,2017-01-01,The Veronicas,Australia,top200,20333
Adore,84,2017-01-01,Amy Shark,Australia,top200,20175
Caroline,85,2017-01-01,Aminé,Australia,top200,20087
Fast Car,86,2017-01-01,"Jonas Blue, Dakota",Australia,top200,19949
7 Years,87,2017-01-01,Lukas Graham,Australia,top200,19933
"i hate u, i love u (feat. olivia o'brien)",88,2017-01-01,gnash,Australia,top200,19906
The Greatest,89,2017-01-01,Sia,Australia,top200,19773
What Do You Mean?,90,2017-01-01,Justin Bieber,Australia,top200,19290
Ride,91,2017-01-01,Twenty One Pilots,Australia,top200,19163
Into You,92,2017-01-01,Ariana Grande,Australia,top200,19070
Faded,93,2017-01-01,Alan Walker,Australia,top200,18903
"Sucker for Pain (with Wiz Khalifa, Imagine Dragons, Logic & Ty Dolla $ign feat. X Ambassadors)",94,2017-01-01,Lil Wayne,Australia,top200,18355
Work,95,2017-01-01,"Rihanna, Drake",Australia,top200,18321
Cool Girl,96,2017-01-01,Tove Lo,Australia,top200,18260
Let Me Hold You (Turn Me On),97,2017-01-01,"Dante Klein, Cheat Codes",Australia,top200,18256
Light It Up (feat. Nyla & Fuse ODG) - Remix,98,2017-01-01,Major Lazer,Australia,top200,18095
Sunset Lover,99,2017-01-01,Petit Biscuit,Australia,top200,17989
Stressed Out,100,2017-01-01,Twenty One Pilots,Australia,top200,17845
Send My Love (To Your New Lover),101,2017-01-01,Adele,Australia,top200,17830
Come First,102,2017-01-01,Terror Jr,Australia,top200,17666
Sex,103,2017-01-01,"Cheat Codes, Kris Kross Amsterdam",Australia,top200,17071
Cake By The Ocean,104,2017-01-01,DNCE,Australia,top200,16870
Needed Me,105,2017-01-01,Rihanna,Australia,top200,16772
Mr. Brightside,106,2017-01-01,The Killers,Australia,top200,16740
Rockin’,107,2017-01-01,The Weeknd,Australia,top200,16651
Riptide,108,2017-01-01,Vance Joy,Australia,top200,16366
Thinking out Loud,109,2017-01-01,Ed Sheeran,Australia,top200,16061
Gold,110,2017-01-01,Kiiara,Australia,top200,16001
Controlla,111,2017-01-01,Drake,Australia,top200,15990
Uptown Funk (feat. Bruno Mars),112,2017-01-01,Mark Ronson,Australia,top200,15767
Sugar,126,2017-01-02,Maroon 5,Brazil,top200,37128
Roses (feat. ROZES),113,2017-01-01,The Chainsmokers,Australia,top200,15465
"Lose Yourself - From ""8 Mile"" Soundtrack",114,2017-01-01,Eminem,Australia,top200,15026
This Girl (Kungs Vs. Cookin' On 3 Burners),115,2017-01-01,Kungs,Australia,top200,15022
Hello,116,2017-01-01,Adele,Australia,top200,14778
Lush Life,117,2017-01-01,Zara Larsson,Australia,top200,14768
All My Friends (feat. Tinashe & Chance the Rapper),118,2017-01-01,Snakehips,Australia,top200,14554
It's Gotta Be You,119,2017-01-01,Isaiah Firebrace,Australia,top200,14552
Alarm,120,2017-01-01,Anne-Marie,Australia,top200,14519
Ignition - Remix,121,2017-01-01,R. Kelly,Australia,top200,14465
Ni**as In Paris,122,2017-01-01,"JAY-Z, Kanye West",Australia,top200,14334
All Time Low,123,2017-01-01,Jon Bellion,Australia,top200,14308
PILLOWTALK,124,2017-01-01,ZAYN,Australia,top200,14087
Middle,125,2017-01-01,"DJ Snake, Bipolar Sunshine",Australia,top200,13969
Stronger,126,2017-01-01,Kanye West,Australia,top200,13966
Versace on the Floor,127,2017-01-01,Bruno Mars,Australia,top200,13938
Lot to Learn,128,2017-01-01,Luke Christopher,Australia,top200,13897
Bounce Back,129,2017-01-01,Big Sean,Australia,top200,13871
Can't Feel My Face,130,2017-01-01,The Weeknd,Australia,top200,13682
Talk Is Cheap,131,2017-01-01,Chet Faker,Australia,top200,13660
Sidewalks,132,2017-01-01,"The Weeknd, Kendrick Lamar",Australia,top200,13475
Stitches,133,2017-01-01,Shawn Mendes,Australia,top200,13435
Ain't My Fault,134,2017-01-01,Zara Larsson,Australia,top200,13364
In My Blood,135,2017-01-01,The Veronicas,Australia,top200,13270
Fading,136,2017-01-01,Vallis Alps,Australia,top200,13243
Immortal,137,2017-01-01,J. Cole,Australia,top200,13217
Chantaje (feat. Maluma),138,2017-01-01,Shakira,Australia,top200,13216
This Town,139,2017-01-01,Niall Horan,Australia,top200,12969
Photograph,140,2017-01-01,Ed Sheeran,Australia,top200,12891
Gold Digger,141,2017-01-01,"Kanye West, Jamie Foxx",Australia,top200,12701
Pumped Up Kicks,142,2017-01-01,Foster The People,Australia,top200,12679
Rooting For You,143,2017-01-01,London Grammar,Australia,top200,12503
No Role Modelz,144,2017-01-01,J. Cole,Australia,top200,12451
King Kunta,145,2017-01-01,Kendrick Lamar,Australia,top200,12441
Titanium (feat. Sia),146,2017-01-01,David Guetta,Australia,top200,12433
Famous,147,2017-01-01,Kanye West,Australia,top200,12343
V. 3005,148,2017-01-01,Childish Gambino,Australia,top200,12321
No Scrubs,149,2017-01-01,TLC,Australia,top200,12277
Alone,150,2017-01-01,Alan Walker,Australia,top200,12260
"Me, Myself & I",151,2017-01-01,"G-Eazy, Bebe Rexha",Australia,top200,12190
Hear Me Now,152,2017-01-01,"Alok, Bruno Martini, Zeeba",Australia,top200,12185
Millionaire (feat. Nelly),153,2017-01-01,"Cash Cash, Digital Farm Animals",Australia,top200,12179
Hey Ya!,154,2017-01-01,Outkast,Australia,top200,12147
Hotline Bling,155,2017-01-01,Drake,Australia,top200,12142
Can't Hold Us - feat. Ray Dalton,156,2017-01-01,Macklemore & Ryan Lewis,Australia,top200,12141
My House,157,2017-01-01,Flo Rida,Australia,top200,12109
All Night (feat. Knox Fortune),158,2017-01-01,Chance the Rapper,Australia,top200,12094
Weak,159,2017-01-01,AJR,Australia,top200,11853
Light,160,2017-01-01,San Holo,Australia,top200,11662
No Money,161,2017-01-01,Galantis,Australia,top200,11661
Let It Go,162,2017-01-01,James Bay,Australia,top200,11626
No Problem (feat. Lil Wayne & 2 Chainz),163,2017-01-01,Chance the Rapper,Australia,top200,11556
Where Are Ü Now (with Justin Bieber),164,2017-01-01,"Jack Ü, Skrillex, Diplo",Australia,top200,11427
Blow Your Mind (Mwah),165,2017-01-01,Dua Lipa,Australia,top200,11405
Set In Stone,166,2017-01-01,Guy Sebastian,Australia,top200,11358
Starboy - Kygo Remix,167,2017-01-01,"The Weeknd, Daft Punk",Australia,top200,11281
Chill Bill (feat. J. Davi$ & Spooks),168,2017-01-01,Rob $tone,Australia,top200,11245
Wonderwall - Remastered,169,2017-01-01,Oasis,Australia,top200,11143
Let Her Go,170,2017-01-01,Passenger,Australia,top200,11123
Cheerleader - Felix Jaehn Remix Radio Edit,171,2017-01-01,OMI,Australia,top200,10873
September Song,172,2017-01-01,JP Cooper,Australia,top200,10851
Seven Nation Army,173,2017-01-01,The White Stripes,Australia,top200,10843
How Far I'll Go,174,2017-01-01,Auli'i Cravalho,Australia,top200,10810
I Got You,175,2017-01-01,Bebe Rexha,Australia,top200,10653
Hoops,176,2017-01-01,The Rubens,Australia,top200,10639
That's What I Like,177,2017-01-01,Bruno Mars,Australia,top200,10556
Working For It,178,2017-01-01,"ZHU, Skrillex, THEY.",Australia,top200,10530
False Alarm,179,2017-01-01,"Matoma, Becky Hill",Australia,top200,10521
Time of Our Lives,180,2017-01-01,"Pitbull, Ne-Yo",Australia,top200,10472
Steady 1234 (feat. Jasmine Thompson & Skizzy Mars),181,2017-01-01,Vice,Australia,top200,10404
You & Me,182,2017-01-01,"Marc E. Bassy, G-Eazy",Australia,top200,10401
"Downtown (feat. Melle Mel, Grandmaster Caz, Kool Moe Dee & Eric Nally)",183,2017-01-01,"Macklemore, Ryan Lewis, Grandmaster Melle Mel",Australia,top200,10392
Is This Love - Remix,184,2017-01-01,"Bob Marley & The Wailers, LVNDSCAPE, Bolier",Australia,top200,10371
Wolfie (feat. Julia Stone),185,2017-01-01,Golden Features,Australia,top200,10232
Jumpman,186,2017-01-01,"Drake, Future",Australia,top200,10091
Six Feet Under,187,2017-01-01,The Weeknd,Australia,top200,10030
Solo Dance,188,2017-01-01,Martin Jensen,Australia,top200,10009
Crazy,189,2017-01-01,Gnarls Barkley,Australia,top200,9997
Party (feat. Usher & Gucci Mane),190,2017-01-01,Chris Brown,Australia,top200,9994
Georgia,191,2017-01-01,Vance Joy,Australia,top200,9960
Without Me,192,2017-01-01,Eminem,Australia,top200,9940
The Hills,193,2017-01-01,The Weeknd,Australia,top200,9938
See You Again (feat. Charlie Puth),194,2017-01-01,Wiz Khalifa,Australia,top200,9919
Chunky,195,2017-01-01,Bruno Mars,Australia,top200,9907
You Were Right,196,2017-01-01,RÜFÜS DU SOL,Australia,top200,9869
Black Barbies,197,2017-01-01,"Nicki Minaj, Mike WiLL Made-It",Australia,top200,9844
pick up the phone,198,2017-01-01,"Young Thug, Travis Scott",Australia,top200,9827
Under the Bridge,199,2017-01-01,Red Hot Chili Peppers,Australia,top200,9823
Ocean Drive,200,2017-01-01,Duke Dumont,Australia,top200,9790
Alone,1,2017-01-01,Alan Walker,Austria,top200,12990
Rockabye (feat. Sean Paul & Anne-Marie),2,2017-01-01,Clean Bandit,Austria,top200,12897
Chöre,3,2017-01-01,Mark Forster,Austria,top200,10852
Bad Ideas,4,2017-01-01,Alle Farben,Austria,top200,10837
Closer,5,2017-01-01,"The Chainsmokers, Halsey",Austria,top200,10317
"I Don’t Wanna Live Forever (Fifty Shades Darker) - From ""Fifty Shades Darker (Original Motion Picture Soundtrack)""",6,2017-01-01,"ZAYN, Taylor Swift",Austria,top200,9551
Starboy,7,2017-01-01,"The Weeknd, Daft Punk",Austria,top200,9165
Call On Me - Ryan Riback Extended Remix,8,2017-01-01,Starley,Austria,top200,9146
Say You Won't Let Go,9,2017-01-01,James Arthur,Austria,top200,8756
Shed a Light,10,2017-01-01,"Robin Schulz, David Guetta, Cheat Codes",Austria,top200,8726
Let Me Love You,11,2017-01-01,"DJ Snake, Justin Bieber",Austria,top200,8363
My Way,12,2017-01-01,Calvin Harris,Austria,top200,7873
Just Hold On,13,2017-01-01,"Steve Aoki, Louis Tomlinson",Austria,top200,7780
Don't Wanna Know,14,2017-01-01,"Maroon 5, Kendrick Lamar",Austria,top200,7747
Solo Dance,15,2017-01-01,Martin Jensen,Austria,top200,7535
Now and Later,16,2017-01-01,Sage The Gemini,Austria,top200,7194
Lot to Learn,17,2017-01-01,Luke Christopher,Austria,top200,7019
All Night,71,2017-01-01,"The Vamps, Matoma",Austria,top200,2869
Would I Lie to You - Radio Edit,18,2017-01-01,"David Guetta, Cedric Gervais, Chris Willis",Austria,top200,6960
Black Beatles,19,2017-01-01,"Rae Sremmurd, Gucci Mane",Austria,top200,6954
Mercy,20,2017-01-01,Shawn Mendes,Austria,top200,6887
In the Name of Love,21,2017-01-01,"Martin Garrix, Bebe Rexha",Austria,top200,6754
One Dance,22,2017-01-01,"Drake, WizKid, Kyla",Austria,top200,6515
Human,23,2017-01-01,Rag'n'Bone Man,Austria,top200,6350
Don't Let Me Down (feat. Daya),24,2017-01-01,The Chainsmokers,Austria,top200,5942
Cold Water (feat. Justin Bieber & MØ),25,2017-01-01,Major Lazer,Austria,top200,5788
Heathens,26,2017-01-01,Twenty One Pilots,Austria,top200,5779
Scars To Your Beautiful,27,2017-01-01,Alessia Cara,Austria,top200,5556
No Lie,28,2017-01-01,"Sean Paul, Dua Lipa",Austria,top200,5439
What Is Love 2016,29,2017-01-01,Lost Frequencies,Austria,top200,5359
All We Know,30,2017-01-01,"The Chainsmokers, Phoebe Ryan",Austria,top200,5340
The Mack,31,2017-01-01,"Nevada, Mark Morrison, Fetty Wap",Austria,top200,5325
By Your Side,32,2017-01-01,"Jonas Blue, RAYE",Austria,top200,5231
Dye My Hair,33,2017-01-01,ALMA,Austria,top200,5192
Love Me Now,34,2017-01-01,John Legend,Austria,top200,5188
Cheap Thrills,35,2017-01-01,Sia,Austria,top200,5187
Treat You Better,36,2017-01-01,Shawn Mendes,Austria,top200,5017
Jedermann,37,2017-01-01,Pizzera & Jaus,Austria,top200,4932
Bonfire,38,2017-01-01,"Felix Jaehn, ALMA",Austria,top200,4790
Ohne mein Team,39,2017-01-01,"Bonez MC, RAF Camora, Maxwell",Austria,top200,4737
iPhone 17 (feat. Moé),40,2017-01-01,KC Rebell,Austria,top200,4691
The Ocean (feat. Shy Martin),41,2017-01-01,Mike Perry,Austria,top200,4644
24K Magic,42,2017-01-01,Bruno Mars,Austria,top200,4558
Alarm,43,2017-01-01,Anne-Marie,Austria,top200,4362
Final Song,44,2017-01-01,MØ,Austria,top200,4337
"CAN'T STOP THE FEELING! (Original Song from DreamWorks Animation's ""TROLLS"")",45,2017-01-01,Justin Timberlake,Austria,top200,4310
Starving,46,2017-01-01,"Hailee Steinfeld, Grey, Zedd",Austria,top200,4288
I Feel It Coming,47,2017-01-01,"The Weeknd, Daft Punk",Austria,top200,4275
Faded,48,2017-01-01,Alan Walker,Austria,top200,4184
I Took A Pill In Ibiza - Seeb Remix,49,2017-01-01,Mike Posner,Austria,top200,4175
Holz,50,2017-01-01,257ers,Austria,top200,3968
Stressed Out,51,2017-01-01,Twenty One Pilots,Austria,top200,3869
Side To Side,52,2017-01-01,"Ariana Grande, Nicki Minaj",Austria,top200,3833
Ride,53,2017-01-01,Twenty One Pilots,Austria,top200,3624
Hear Me Now,54,2017-01-01,"Alok, Bruno Martini, Zeeba",Austria,top200,3596
Sexual,55,2017-01-01,"NEIKED, Dyo",Austria,top200,3472
Light It Up (feat. Nyla & Fuse ODG) - Remix,56,2017-01-01,Major Lazer,Austria,top200,3466
"Sucker for Pain (with Wiz Khalifa, Imagine Dragons, Logic & Ty Dolla $ign feat. X Ambassadors)",57,2017-01-01,Lil Wayne,Austria,top200,3423
Fake Love,58,2017-01-01,Drake,Austria,top200,3382
Hallelujah,59,2017-01-01,Pentatonix,Austria,top200,3356
The Greatest,60,2017-01-01,Sia,Austria,top200,3317
Fast Car,61,2017-01-01,"Jonas Blue, Dakota",Austria,top200,3277
Chantaje (feat. Maluma),62,2017-01-01,Shakira,Austria,top200,3245
Never Give Up,63,2017-01-01,Sia,Austria,top200,3241
Water Under the Bridge,64,2017-01-01,Adele,Austria,top200,3114
Sex,65,2017-01-01,"Cheat Codes, Kris Kross Amsterdam",Austria,top200,3107
Capsize,66,2017-01-01,"FRENSHIP, Emily Warren",Austria,top200,3086
Love on Me,67,2017-01-01,"Galantis, Hook N Sling",Austria,top200,3018
Miss You,68,2017-01-01,James Hersey,Austria,top200,2944
Work from Home (feat. Ty Dolla $ign),69,2017-01-01,Fifth Harmony,Austria,top200,2911
Palmen aus Gold,70,2017-01-01,"Bonez MC, RAF Camora",Austria,top200,2875
Cocoon,72,2017-01-01,Milky Chance,Austria,top200,2865
Perfect Strangers,73,2017-01-01,"Jonas Blue, JP Cooper",Austria,top200,2841
Steady 1234 (feat. Jasmine Thompson & Skizzy Mars),74,2017-01-01,Vice,Austria,top200,2798
Sunset Lover,75,2017-01-01,Petit Biscuit,Austria,top200,2756
Tuesday,76,2017-01-01,"Burak Yeter, Danelle Sandoval",Austria,top200,2700
Kokaina,77,2017-01-01,Miami Yacine,Austria,top200,2634
Palmen aus Plastik,78,2017-01-01,"Bonez MC, RAF Camora",Austria,top200,2627
"Me, Myself & I",79,2017-01-01,"G-Eazy, Bebe Rexha",Austria,top200,2612
I Was Wrong - Robin Schulz Remix,80,2017-01-01,A R I Z O N A,Austria,top200,2604
Don't Be So Shy - Filatov & Karas Remix,81,2017-01-01,Imany,Austria,top200,2559
Stoff und Schnaps,82,2017-01-01,"Lil Kleine, Ronnie Flex",Austria,top200,2523
The Greatest (feat. Kendrick Lamar),83,2017-01-01,Sia,Austria,top200,2431
Let Me Hold You (Turn Me On),84,2017-01-01,"Dante Klein, Cheat Codes",Austria,top200,2426
Hymn for the Weekend - Seeb Remix,85,2017-01-01,Coldplay,Austria,top200,2422
No Money,86,2017-01-01,Galantis,Austria,top200,2405
Your Soul (Holding On),87,2017-01-01,"RHODES, Felix Jaehn",Austria,top200,2362
Ain't My Fault,88,2017-01-01,Zara Larsson,Austria,top200,2358
Sorry,89,2017-01-01,Justin Bieber,Austria,top200,2347
Hulapalu,90,2017-01-01,Andreas Gabalier,Austria,top200,2346
Dancing On My Own,91,2017-01-01,Calum Scott,Austria,top200,2313
Panda,92,2017-01-01,Desiigner,Austria,top200,2304
Weak,93,2017-01-01,AJR,Austria,top200,2271
Lost on You,94,2017-01-01,LP,Austria,top200,2269
Ham kummst,95,2017-01-01,Seiler und Speer,Austria,top200,2234
Fresh Eyes,96,2017-01-01,Andy Grammer,Austria,top200,2200
Cake By The Ocean,97,2017-01-01,DNCE,Austria,top200,2158
Make Me (Cry),98,2017-01-01,"Noah Cyrus, Labrinth",Austria,top200,2122
Work,99,2017-01-01,"Rihanna, Drake",Austria,top200,2118
Setting Fires,100,2017-01-01,"The Chainsmokers, XYLØ",Austria,top200,2065
We Don't Talk Anymore (feat. Selena Gomez),101,2017-01-01,Charlie Puth,Austria,top200,2025
Musik sein,102,2017-01-01,Wincent Weiss,Austria,top200,2011
Bad Things (with Camila Cabello),103,2017-01-01,Machine Gun Kelly,Austria,top200,1995
Sing Me to Sleep,104,2017-01-01,Alan Walker,Austria,top200,1988
The Sound of Silence,105,2017-01-01,Disturbed,Austria,top200,1968
I Would Like,106,2017-01-01,Zara Larsson,Austria,top200,1957
Broccoli (feat. Lil Yachty),107,2017-01-01,Shelley FKA DRAM,Austria,top200,1955
Don't You Know - Radio Edit,108,2017-01-01,"Kungs, Jamie N Commons",Austria,top200,1917
This Is What You Came For (feat. Rihanna),109,2017-01-01,Calvin Harris,Austria,top200,1912
Please Tell Rosie,110,2017-01-01,"Alle Farben, Younotus",Austria,top200,1909
Bad and Boujee (feat. Lil Uzi Vert),111,2017-01-01,Migos,Austria,top200,1898
Ain't Your Mama,112,2017-01-01,Jennifer Lopez,Austria,top200,1898
What Do You Love,113,2017-01-01,"Seeb, Jacob Banks",Austria,top200,1893
This Girl (Kungs Vs. Cookin' On 3 Burners),114,2017-01-01,Kungs,Austria,top200,1881
Trust Nobody (feat. Selena Gomez & Tory Lanez),115,2017-01-01,Cashmere Cat,Austria,top200,1871
Love Yourself,116,2017-01-01,Justin Bieber,Austria,top200,1869
An ihnen vorbei,117,2017-01-01,"Bonez MC, RAF Camora",Austria,top200,1853
"i hate u, i love u (feat. olivia o'brien)",118,2017-01-01,gnash,Austria,top200,1818
Heatwave (feat. Akon),119,2017-01-01,Robin Schulz,Austria,top200,1807
Dynamite (feat. Pretty Sister),120,2017-01-01,Nause,Austria,top200,1794
I'm in Love with the Coco,121,2017-01-01,Hitimpulse,Austria,top200,1753
Wenn sie tanzt,122,2017-01-01,Max Giesinger,Austria,top200,1753
I Got You,123,2017-01-01,Bebe Rexha,Austria,top200,1729
Too Good,81,2017-01-01,"Drake, Rihanna",Belgium,top200,3857
Can't Hold Us - feat. Ray Dalton,124,2017-01-01,Macklemore & Ryan Lewis,Austria,top200,1709
Die Immer Lacht - Radio 2016 Mix,125,2017-01-01,"Stereoact, Kerstin Ott",Austria,top200,1698
Shout Out to My Ex,126,2017-01-01,Little Mix,Austria,top200,1684
7 Years,127,2017-01-01,Lukas Graham,Austria,top200,1665
Wonderwall - Remastered,128,2017-01-01,Oasis,Austria,top200,1645
Spirits,129,2017-01-01,The Strumbellas,Austria,top200,1631
"How Far I'll Go - From ""Moana""",130,2017-01-01,Alessia Cara,Austria,top200,1630
Inside the Lines (feat. Casso),131,2017-01-01,Mike Perry,Austria,top200,1619
Bianco,132,2017-01-01,"Yung Hurn, RIN",Austria,top200,1599
Sofia,133,2017-01-01,Alvaro Soler,Austria,top200,1586
Lush Life,134,2017-01-01,Zara Larsson,Austria,top200,1586
"Lose Yourself - From ""8 Mile"" Soundtrack",135,2017-01-01,Eminem,Austria,top200,1576
Wannabe,136,2017-01-01,Spice Girls,Austria,top200,1573
Love On The Brain,137,2017-01-01,Rihanna,Austria,top200,1572
Places,138,2017-01-01,"Martin Solveig, Ina Wroldsen",Austria,top200,1561
Mörder,139,2017-01-01,"Bonez MC, RAF Camora, Gzuz",Austria,top200,1541
Juju on That Beat (TZ Anthem),140,2017-01-01,"Zay Hilfigerrr, Zayion McCall",Austria,top200,1520
Roses (feat. ROZES),141,2017-01-01,The Chainsmokers,Austria,top200,1512
My House,142,2017-01-01,Flo Rida,Austria,top200,1512
Hey Baby,143,2017-01-01,"Dimitri Vegas & Like Mike, Diplo, Deb’s Daughter",Austria,top200,1510
Willst du,144,2017-01-01,Alligatoah,Austria,top200,1503
Don't Stop Believin',145,2017-01-01,Journey,Austria,top200,1501
All Time Low,146,2017-01-01,Jon Bellion,Austria,top200,1490
This Town,147,2017-01-01,Niall Horan,Austria,top200,1440
False Alarm,148,2017-01-01,"Matoma, Becky Hill",Austria,top200,1436
Bailar (feat. Elvis Crespo) - Radio Edit,149,2017-01-01,Deorro,Austria,top200,1436
Love My Life,150,2017-01-01,Robbie Williams,Austria,top200,1427
Lean On (feat. MØ & DJ Snake),151,2017-01-01,Major Lazer,Austria,top200,1425
"Boom (feat. MOTi, TY Dolla $ign, Wizkid & Kranium)",152,2017-01-01,Major Lazer,Austria,top200,1422
Stitches,153,2017-01-01,Shawn Mendes,Austria,top200,1418
Atemlos durch die Nacht,154,2017-01-01,Helene Fischer,Austria,top200,1409
Wake Up Where You Are,155,2017-01-01,State of Sound,Austria,top200,1398
Come First,156,2017-01-01,Terror Jr,Austria,top200,1396
Taped up Heart (feat. Clara Mae),157,2017-01-01,KREAM,Austria,top200,1386
Party Monster,158,2017-01-01,The Weeknd,Austria,top200,1386
Stronger,159,2017-01-01,Kanye West,Austria,top200,1375
Sugar (feat. Francesco Yates),160,2017-01-01,Robin Schulz,Austria,top200,1371
Let's Hurt Tonight,161,2017-01-01,OneRepublic,Austria,top200,1357
Soits lebn,162,2017-01-01,Seiler und Speer,Austria,top200,1354
Too Good,163,2017-01-01,"Drake, Rihanna",Austria,top200,1350
10 Jahre,164,2017-01-01,"Gzuz, LX, Bonez MC, Maxwell",Austria,top200,1342
Whispering Still (feat. Charity Children) - Little Rose Remix,165,2017-01-01,SRTW,Austria,top200,1331
Mr. Brightside,166,2017-01-01,The Killers,Austria,top200,1325
Without Me,167,2017-01-01,Eminem,Austria,top200,1312
Once In a While,168,2017-01-01,Timeflies,Austria,top200,1309
Photograph,169,2017-01-01,Ed Sheeran,Austria,top200,1303
Feel the Love - Sam Feldt Edit,170,2017-01-01,Janieck,Austria,top200,1303
Please Don't Go,171,2017-01-01,Joel Adams,Austria,top200,1299
Irgendwas (feat. Bengio),172,2017-01-01,Yvonne Catterfeld,Austria,top200,1296
Do It Right,173,2017-01-01,"Martin Solveig, Tkay Maidza",Austria,top200,1291
Bleib in der Schule,174,2017-01-01,Trailerpark,Austria,top200,1276
Ahnma,175,2017-01-01,"Beginner, Gzuz, Gentleman",Austria,top200,1273
Never Be Like You,176,2017-01-01,"Flume, kai",Austria,top200,1264
Feel (feat. Sena Sener) - Radio Edit,177,2017-01-01,"Mahmut Orhan, Sena Şener",Austria,top200,1258
DUELE EL CORAZON (feat. Wisin),178,2017-01-01,Enrique Iglesias,Austria,top200,1253
Lighthouse - Andrelli Remix,179,2017-01-01,Hearts & Colors,Austria,top200,1249
Geiles Leben - Madizin Single Mix,180,2017-01-01,Glasperlenspiel,Austria,top200,1248
Talking to You,181,2017-01-01,Izzy Bizu,Austria,top200,1247
'Till I Collapse,182,2017-01-01,"Eminem, Nate Dogg",Austria,top200,1246
Waves,183,2017-01-01,Dean Lewis,Austria,top200,1238
Not Going Home (feat. Gia Koka),184,2017-01-01,"DVBBS, CMC$",Austria,top200,1236
Find You (feat. Jake Reese),185,2017-01-01,Topic,Austria,top200,1235
Cake - Challenge Version,186,2017-01-01,"Flo Rida, 99 Percent",Austria,top200,1224
Billie Jean,187,2017-01-01,Michael Jackson,Austria,top200,1223
Oceans Away,188,2017-01-01,A R I Z O N A,Austria,top200,1214
Lost Boy,189,2017-01-01,Ruth B.,Austria,top200,1209
Hello,190,2017-01-01,Adele,Austria,top200,1191
Light,191,2017-01-01,San Holo,Austria,top200,1188
Erkläre mir die Liebe,192,2017-01-01,Philipp Poisel,Austria,top200,1186
Purple Lamborghini (with Rick Ross),193,2017-01-01,Skrillex,Austria,top200,1185
Wir sind groß,194,2017-01-01,Mark Forster,Austria,top200,1180
Love Me,195,2017-01-01,Jane XØ,Austria,top200,1177
Boyfriends,196,2017-01-01,"Marco Wagner, Die Obersteirer",Austria,top200,1173
Love$ick (feat. A$AP Rocky),197,2017-01-01,Mura Masa,Austria,top200,1172
Mama Said,198,2017-01-01,Lukas Graham,Austria,top200,1166
Nobody Does It Better,199,2017-01-01,Michael Calfan,Austria,top200,1163
Into You,200,2017-01-01,Ariana Grande,Austria,top200,1159
Hey Baby,1,2017-01-01,"Dimitri Vegas & Like Mike, Diplo, Deb’s Daughter",Belgium,top200,23277
Closer,2,2017-01-01,"The Chainsmokers, Halsey",Belgium,top200,17456
Starboy,3,2017-01-01,"The Weeknd, Daft Punk",Belgium,top200,17374
Rockabye (feat. Sean Paul & Anne-Marie),4,2017-01-01,Clean Bandit,Belgium,top200,16763
What Is Love 2016,5,2017-01-01,Lost Frequencies,Belgium,top200,16197
Let Me Love You,6,2017-01-01,"DJ Snake, Justin Bieber",Belgium,top200,15810
Until the End (feat. Raphaella),7,2017-01-01,Henri PFR,Belgium,top200,13510
One Dance,8,2017-01-01,"Drake, WizKid, Kyla",Belgium,top200,12964
24K Magic,9,2017-01-01,Bruno Mars,Belgium,top200,12661
Call On Me - Ryan Riback Extended Remix,10,2017-01-01,Starley,Belgium,top200,12506
Say You Won't Let Go,11,2017-01-01,James Arthur,Belgium,top200,12262
"CAN'T STOP THE FEELING! (Original Song from DreamWorks Animation's ""TROLLS"")",12,2017-01-01,Justin Timberlake,Belgium,top200,11819
Don't Wanna Know,13,2017-01-01,"Maroon 5, Kendrick Lamar",Belgium,top200,11503
Ziet Em Duun - Regi & Lester Williams Remix,14,2017-01-01,Van Echelpoel,Belgium,top200,11474
In the Name of Love,15,2017-01-01,"Martin Garrix, Bebe Rexha",Belgium,top200,11144
"I Don’t Wanna Live Forever (Fifty Shades Darker) - From ""Fifty Shades Darker (Original Motion Picture Soundtrack)""",16,2017-01-01,"ZAYN, Taylor Swift",Belgium,top200,10970
Black Beatles,17,2017-01-01,"Rae Sremmurd, Gucci Mane",Belgium,top200,10654
Ziet Em Duun,18,2017-01-01,Van Echelpoel,Belgium,top200,10475
I Feel It Coming,19,2017-01-01,"The Weeknd, Daft Punk",Belgium,top200,10351
Don't Let Me Down (feat. Daya),20,2017-01-01,The Chainsmokers,Belgium,top200,9625
Just Hold On,21,2017-01-01,"Steve Aoki, Louis Tomlinson",Belgium,top200,9473
Cheap Thrills,22,2017-01-01,Sia,Belgium,top200,9453
Cold Water (feat. Justin Bieber & MØ),23,2017-01-01,Major Lazer,Belgium,top200,9196
Human,24,2017-01-01,Rag'n'Bone Man,Belgium,top200,9094
Treat You Better,25,2017-01-01,Shawn Mendes,Belgium,top200,8969
Starving,26,2017-01-01,"Hailee Steinfeld, Grey, Zedd",Belgium,top200,8874
My Way,27,2017-01-01,Calvin Harris,Belgium,top200,8780
Bobo,47,2017-01-02,J Balvin,Colombia,top200,12594
Hey Baby - Mattn vs. Regi Remix,28,2017-01-01,"Dimitri Vegas & Like Mike, Diplo, Deb’s Daughter",Belgium,top200,8752
Fake Love,29,2017-01-01,Drake,Belgium,top200,8711
Sexual,30,2017-01-01,"NEIKED, Dyo",Belgium,top200,8475
Mercy,31,2017-01-01,Shawn Mendes,Belgium,top200,8433
All We Know,32,2017-01-01,"The Chainsmokers, Phoebe Ryan",Belgium,top200,8390
Heathens,33,2017-01-01,Twenty One Pilots,Belgium,top200,8367
If You Believe,34,2017-01-01,"D5R, Maureen",Belgium,top200,7819
Love Me Now,35,2017-01-01,John Legend,Belgium,top200,7567
Side To Side,36,2017-01-01,"Ariana Grande, Nicki Minaj",Belgium,top200,7287
Work from Home (feat. Ty Dolla $ign),37,2017-01-01,Fifth Harmony,Belgium,top200,7277
Bad Things (with Camila Cabello),38,2017-01-01,Machine Gun Kelly,Belgium,top200,7136
This Is What You Came For (feat. Rihanna),39,2017-01-01,Calvin Harris,Belgium,top200,6975
All Night,40,2017-01-01,"The Vamps, Matoma",Belgium,top200,6954
Love Yourself,41,2017-01-01,Justin Bieber,Belgium,top200,5923
Believer,42,2017-01-01,"Major Lazer, Showtek",Belgium,top200,5778
Billie Jean,43,2017-01-01,Michael Jackson,Belgium,top200,5767
I Took A Pill In Ibiza - Seeb Remix,44,2017-01-01,Mike Posner,Belgium,top200,5718
The Mack,45,2017-01-01,"Nevada, Mark Morrison, Fetty Wap",Belgium,top200,5627
By Your Side,46,2017-01-01,"Jonas Blue, RAYE",Belgium,top200,5529
I Would Like,47,2017-01-01,Zara Larsson,Belgium,top200,5492
Sunset Lover,48,2017-01-01,Petit Biscuit,Belgium,top200,5479
Now and Later,49,2017-01-01,Sage The Gemini,Belgium,top200,5433
Scars To Your Beautiful,50,2017-01-01,Alessia Cara,Belgium,top200,5368
Send My Love (To Your New Lover),51,2017-01-01,Adele,Belgium,top200,5063
Afraid,52,2017-01-01,Curtis Alto,Belgium,top200,5059
Goud,53,2017-01-01,Bazart,Belgium,top200,5047
"How Far I'll Go - From ""Moana""",54,2017-01-01,Alessia Cara,Belgium,top200,4971
Perfect Strangers,55,2017-01-01,"Jonas Blue, JP Cooper",Belgium,top200,4860
We Don't Talk Anymore (feat. Selena Gomez),56,2017-01-01,Charlie Puth,Belgium,top200,4860
"Happy - From ""Despicable Me 2""",57,2017-01-01,Pharrell Williams,Belgium,top200,4832
Can't Hold Us - feat. Ray Dalton,58,2017-01-01,Macklemore & Ryan Lewis,Belgium,top200,4777
Lot to Learn,59,2017-01-01,Luke Christopher,Belgium,top200,4766
Hello,60,2017-01-01,Adele,Belgium,top200,4677
Chantaje (feat. Maluma),61,2017-01-01,Shakira,Belgium,top200,4635
Into You,62,2017-01-01,Ariana Grande,Belgium,top200,4629
Shed a Light,63,2017-01-01,"Robin Schulz, David Guetta, Cheat Codes",Belgium,top200,4617
Light It Up (feat. Nyla & Fuse ODG) - Remix,64,2017-01-01,Major Lazer,Belgium,top200,4586
The Ocean (feat. Shy Martin),65,2017-01-01,Mike Perry,Belgium,top200,4396
Broccoli (feat. Lil Yachty),66,2017-01-01,Shelley FKA DRAM,Belgium,top200,4353
Panda,67,2017-01-01,Desiigner,Belgium,top200,4307
Ride,68,2017-01-01,Twenty One Pilots,Belgium,top200,4256
Sorry,69,2017-01-01,Justin Bieber,Belgium,top200,4190
Titanium (feat. Sia),70,2017-01-01,David Guetta,Belgium,top200,4170
This Girl (Kungs Vs. Cookin' On 3 Burners),71,2017-01-01,Kungs,Belgium,top200,4160
I Want You Back,72,2017-01-01,The Jackson 5,Belgium,top200,4153
Ain't No Mountain High Enough,73,2017-01-01,"Marvin Gaye, Tammi Terrell",Belgium,top200,4122
Never Be Like You,74,2017-01-01,"Flume, kai",Belgium,top200,4097
Bohemian Rhapsody - Remastered 2011,75,2017-01-01,Queen,Belgium,top200,4015
Stressed Out,76,2017-01-01,Twenty One Pilots,Belgium,top200,3995
Way down We Go,77,2017-01-01,KALEO,Belgium,top200,3976
Faded,78,2017-01-01,Alan Walker,Belgium,top200,3922
Lost on You,79,2017-01-01,LP,Belgium,top200,3893
Hymn for the Weekend - Seeb Remix,80,2017-01-01,Coldplay,Belgium,top200,3862
Work,82,2017-01-01,"Rihanna, Drake",Belgium,top200,3855
The Greatest,83,2017-01-01,Sia,Belgium,top200,3815
Respect,84,2017-01-01,Aretha Franklin,Belgium,top200,3796
The Greatest (feat. Kendrick Lamar),85,2017-01-01,Sia,Belgium,top200,3795
What Is Love 2016 - Regi & Lester Williams Remix,86,2017-01-01,Lost Frequencies,Belgium,top200,3787
7 Years,87,2017-01-01,Lukas Graham,Belgium,top200,3744
Water Under the Bridge,88,2017-01-01,Adele,Belgium,top200,3703
Fast Car,89,2017-01-01,"Jonas Blue, Dakota",Belgium,top200,3680
Lean On (feat. MØ & DJ Snake),90,2017-01-01,Major Lazer,Belgium,top200,3633
Weak,91,2017-01-01,AJR,Belgium,top200,3574
Trust Nobody (feat. Selena Gomez & Tory Lanez),92,2017-01-01,Cashmere Cat,Belgium,top200,3498
Thinking out Loud,93,2017-01-01,Ed Sheeran,Belgium,top200,3495
Hear Me Now,94,2017-01-01,"Alok, Bruno Martini, Zeeba",Belgium,top200,3483
Cake By The Ocean,95,2017-01-01,DNCE,Belgium,top200,3444
Don't Stop Me Now - Remastered 2011,96,2017-01-01,Queen,Belgium,top200,3425
Solo Dance,97,2017-01-01,Martin Jensen,Belgium,top200,3421
Bad and Boujee (feat. Lil Uzi Vert),98,2017-01-01,Migos,Belgium,top200,3392
"i hate u, i love u (feat. olivia o'brien)",99,2017-01-01,gnash,Belgium,top200,3362
Shout Out to My Ex,100,2017-01-01,Little Mix,Belgium,top200,3342
Sex,101,2017-01-01,"Cheat Codes, Kris Kross Amsterdam",Belgium,top200,3340
Million Eyes,102,2017-01-01,Loïc Nottet,Belgium,top200,3335
Setting Fires,103,2017-01-01,"The Chainsmokers, XYLØ",Belgium,top200,3333
Last Christmas,104,2017-01-01,Wham!,Belgium,top200,3323
Steady 1234 (feat. Jasmine Thompson & Skizzy Mars),105,2017-01-01,Vice,Belgium,top200,3314
All Time Low,106,2017-01-01,Jon Bellion,Belgium,top200,3299
Capsize,107,2017-01-01,"FRENSHIP, Emily Warren",Belgium,top200,3284
Make Me (Cry),108,2017-01-01,"Noah Cyrus, Labrinth",Belgium,top200,3278
All I Want for Christmas Is You,109,2017-01-01,Mariah Carey,Belgium,top200,3246
Dynamite (feat. Pretty Sister),110,2017-01-01,Nause,Belgium,top200,3230
Alone,111,2017-01-01,Alan Walker,Belgium,top200,3194
Final Song,112,2017-01-01,MØ,Belgium,top200,3187
Superstition - Single Version,113,2017-01-01,Stevie Wonder,Belgium,top200,3166
Lighthouse - Andrelli Remix,114,2017-01-01,Hearts & Colors,Belgium,top200,3149
Wake Up Where You Are,115,2017-01-01,State of Sound,Belgium,top200,3146
You Can Call Me Al,116,2017-01-01,Paul Simon,Belgium,top200,3123
"Sucker for Pain (with Wiz Khalifa, Imagine Dragons, Logic & Ty Dolla $ign feat. X Ambassadors)",117,2017-01-01,Lil Wayne,Belgium,top200,3119
"Stayin' Alive - From ""Saturday Night Fever"" Soundtrack",118,2017-01-01,Bee Gees,Belgium,top200,3117
Ain't My Fault,119,2017-01-01,Zara Larsson,Belgium,top200,3027
Wake Me Up Before You Go-Go,120,2017-01-01,Wham!,Belgium,top200,3017
I Got You,121,2017-01-01,Bebe Rexha,Belgium,top200,3013
Dancing On My Own,122,2017-01-01,Calum Scott,Belgium,top200,2996
Party Monster,123,2017-01-01,The Weeknd,Belgium,top200,2993
Beautiful Life (feat. Sandro Cavazza),124,2017-01-01,Lost Frequencies,Belgium,top200,2971
Light,125,2017-01-01,San Holo,Belgium,top200,2911
Don't Be So Shy - Filatov & Karas Remix,126,2017-01-01,Imany,Belgium,top200,2900
Squa,127,2017-01-01,Nekfeu,Belgium,top200,2894
Taped up Heart (feat. Clara Mae),128,2017-01-01,KREAM,Belgium,top200,2877
Uptown Funk (feat. Bruno Mars),129,2017-01-01,Mark Ronson,Belgium,top200,2835
Careless Whisper,130,2017-01-01,George Michael,Belgium,top200,2813
This Town,131,2017-01-01,Niall Horan,Belgium,top200,2813
This One's for You (feat. Zara Larsson) (Official Song UEFA EURO 2016),132,2017-01-01,David Guetta,Belgium,top200,2809
Chaos,133,2017-01-01,Bazart,Belgium,top200,2804
No Money,134,2017-01-01,Galantis,Belgium,top200,2798
Photograph,135,2017-01-01,Ed Sheeran,Belgium,top200,2780
Alarm,136,2017-01-01,Anne-Marie,Belgium,top200,2764
Lush Life,137,2017-01-01,Zara Larsson,Belgium,top200,2723
Someone Like You,138,2017-01-01,Adele,Belgium,top200,2711
Brown Eyed Girl,139,2017-01-01,Van Morrison,Belgium,top200,2710
Juju on That Beat (TZ Anthem),140,2017-01-01,"Zay Hilfigerrr, Zayion McCall",Belgium,top200,2698
Mauvaise graine,141,2017-01-01,Nekfeu,Belgium,top200,2682
DUELE EL CORAZON (feat. Wisin),142,2017-01-01,Enrique Iglesias,Belgium,top200,2679
Twist And Shout - Remastered,143,2017-01-01,The Beatles,Belgium,top200,2673
Pumped Up Kicks,144,2017-01-01,Foster The People,Belgium,top200,2652
Controlla,145,2017-01-01,Drake,Belgium,top200,2648
Not Going Home (feat. Gia Koka),146,2017-01-01,"DVBBS, CMC$",Belgium,top200,2631
Gold,147,2017-01-01,Kiiara,Belgium,top200,2616
"Me, Myself & I",148,2017-01-01,"G-Eazy, Bebe Rexha",Belgium,top200,2614
Please Don't Go,149,2017-01-01,Joel Adams,Belgium,top200,2579
Tchikita,150,2017-01-01,Jul,Belgium,top200,2570
Wonderwall - Remastered,151,2017-01-01,Oasis,Belgium,top200,2569
Sultans Of Swing,152,2017-01-01,Dire Straits,Belgium,top200,2531
Saturne,153,2017-01-01,"Nekfeu, Sneazzy, S.Pri Noir",Belgium,top200,2530
Call Me Maybe,154,2017-01-01,Carly Rae Jepsen,Belgium,top200,2516
Smells Like Teen Spirit,155,2017-01-01,Nirvana,Belgium,top200,2516
Some Kind Of Drug (feat. Marc E. Bassy),156,2017-01-01,G-Eazy,Belgium,top200,2510
What Do You Mean?,157,2017-01-01,Justin Bieber,Belgium,top200,2481
Sofia,158,2017-01-01,Alvaro Soler,Belgium,top200,2478
Afro Trap Pt. 7 (La puissance),159,2017-01-01,MHD,Belgium,top200,2461
Oh Lord,160,2017-01-01,MiC LOWRY,Belgium,top200,2456
Are You With Me - Radio Edit,161,2017-01-01,Lost Frequencies,Belgium,top200,2443
When We Were Young,162,2017-01-01,Adele,Belgium,top200,2436
DKR,163,2017-01-01,Booba,Belgium,top200,2433
Stay (feat. Maty Noyes),164,2017-01-01,Kygo,Belgium,top200,2414
My Girl,165,2017-01-01,The Temptations,Belgium,top200,2412
Réalité augmentée,166,2017-01-01,Nekfeu,Belgium,top200,2407
Stand by Me,167,2017-01-01,Otis Redding,Belgium,top200,2398
Let Me Hold You (Turn Me On),168,2017-01-01,"Dante Klein, Cheat Codes",Belgium,top200,2395
(I Can't Get No) Satisfaction - Mono Version / Remastered 2002,169,2017-01-01,The Rolling Stones,Belgium,top200,2384
September,170,2017-01-01,"Earth, Wind & Fire",Belgium,top200,2357
Love on Me,171,2017-01-01,"Galantis, Hook N Sling",Belgium,top200,2353
(What A) Wonderful World - Remastered,172,2017-01-01,Sam Cooke,Belgium,top200,2346
Onizuka,173,2017-01-01,PNL,Belgium,top200,2346
Take Me To Church,174,2017-01-01,Hozier,Belgium,top200,2339
Hey Baby - Emma Bale Remix,175,2017-01-01,"Dimitri Vegas & Like Mike, Diplo",Belgium,top200,2328
The Sound of Silence,176,2017-01-01,Disturbed,Belgium,top200,2311
ABC,177,2017-01-01,The Jackson 5,Belgium,top200,2305
Horizon,178,2017-01-01,"Tourist LeMC, Spiritually Wally",Belgium,top200,2300
Let Her Go,179,2017-01-01,Passenger,Belgium,top200,2300
Let It Go,180,2017-01-01,James Bay,Belgium,top200,2289
I Got It Bad (And That Ain't Good),181,2017-01-01,Oscar Peterson,Belgium,top200,2287
All of Me,182,2017-01-01,John Legend,Belgium,top200,2284
Paper Planes,183,2017-01-01,M.I.A.,Belgium,top200,2274
You Can't Hurry Love - 2016 Remaster,184,2017-01-01,Phil Collins,Belgium,top200,2270
Sugar (feat. Francesco Yates),185,2017-01-01,Robin Schulz,Belgium,top200,2268
The Scientist,186,2017-01-01,Coldplay,Belgium,top200,2267
"Signed, Sealed, Delivered (I'm Yours)",187,2017-01-01,Stevie Wonder,Belgium,top200,2241
Stay A While,188,2017-01-01,Dimitri Vegas & Like Mike,Belgium,top200,2215
Say It (feat. Tove Lo),189,2017-01-01,Flume,Belgium,top200,2214
Spirits,190,2017-01-01,The Strumbellas,Belgium,top200,2208
Aloha,191,2017-01-01,"Møme, Merryn Jeann",Belgium,top200,2199
Needed Me,192,2017-01-01,Rihanna,Belgium,top200,2185
Should I Stay or Should I Go - Remastered,193,2017-01-01,The Clash,Belgium,top200,2165
Humanoïde,194,2017-01-01,Nekfeu,Belgium,top200,2162
Sex on Fire,195,2017-01-01,Kings of Leon,Belgium,top200,2151
Make You Feel My Love,196,2017-01-01,Adele,Belgium,top200,2146
Cheerleader - Felix Jaehn Remix Radio Edit,197,2017-01-01,OMI,Belgium,top200,2142
Miss You,198,2017-01-01,James Hersey,Belgium,top200,2138
Nacht,199,2017-01-01,Bazart,Belgium,top200,2135
Hey Ya!,200,2017-01-01,Outkast,Belgium,top200,2133
Reggaetón Lento (Bailemos),1,2017-01-01,CNCO,Bolivia,top200,6784
Otra vez (feat. J Balvin),2,2017-01-01,Zion & Lennox,Bolivia,top200,5748
Chantaje (feat. Maluma),3,2017-01-01,Shakira,Bolivia,top200,5506
Vente Pa' Ca (feat. Maluma),4,2017-01-01,Ricky Martin,Bolivia,top200,4804
Traicionera,5,2017-01-01,Sebastian Yatra,Bolivia,top200,4780
Safari,6,2017-01-01,"J Balvin, Pharrell Williams, BIA, Sky",Bolivia,top200,4399
Let Me Love You,7,2017-01-01,"DJ Snake, Justin Bieber",Bolivia,top200,3542
La Bicicleta,8,2017-01-01,"Carlos Vives, Shakira",Bolivia,top200,3507
"Ay Mi Dios (feat. Pitbull, Yandel & Chacal)",9,2017-01-01,"IAmChino, El Chacal",Bolivia,top200,3446
Me llamas (feat. Maluma) - Remix,10,2017-01-01,Piso 21,Bolivia,top200,2979
Closer,11,2017-01-01,"The Chainsmokers, Halsey",Bolivia,top200,2898
Shaky Shaky,12,2017-01-01,Daddy Yankee,Bolivia,top200,2882
Vacaciones,13,2017-01-01,Wisin,Bolivia,top200,2747
Andas En Mi Cabeza,14,2017-01-01,"Chino & Nacho, Daddy Yankee",Bolivia,top200,2735
Don't Wanna Know,15,2017-01-01,"Maroon 5, Kendrick Lamar",Bolivia,top200,2566
Dile Que Tu Me Quieres,16,2017-01-01,Ozuna,Bolivia,top200,2504
Starboy,17,2017-01-01,"The Weeknd, Daft Punk",Bolivia,top200,2480
One Dance,18,2017-01-01,"Drake, WizKid, Kyla",Bolivia,top200,2449
Me Llamas,19,2017-01-01,Piso 21,Bolivia,top200,2221
Borro Cassette,20,2017-01-01,Maluma,Bolivia,top200,2216
DUELE EL CORAZON (feat. Wisin),21,2017-01-01,Enrique Iglesias,Bolivia,top200,2214
Me Rehúso,22,2017-01-01,Danny Ocean,Bolivia,top200,2114
24K Magic,23,2017-01-01,Bruno Mars,Bolivia,top200,2102
We Don't Talk Anymore (feat. Selena Gomez),24,2017-01-01,Charlie Puth,Bolivia,top200,2090
In the Name of Love,25,2017-01-01,"Martin Garrix, Bebe Rexha",Bolivia,top200,2085
I Took A Pill In Ibiza - Seeb Remix,26,2017-01-01,Mike Posner,Bolivia,top200,2084
Cold Water (feat. Justin Bieber & MØ),27,2017-01-01,Major Lazer,Bolivia,top200,2082
"Cuatro Babys (feat. Trap Capos, Noriel, Bryant Myers & Juhn)",28,2017-01-01,Maluma,Bolivia,top200,2081
Noche Loca,29,2017-01-01,"Marama, Rombai",Bolivia,top200,2046
Chillax (feat. Ky-Mani Marley),30,2017-01-01,Farruko,Bolivia,top200,2004
My Way,31,2017-01-01,Calvin Harris,Bolivia,top200,1987
Desde Esa Noche (feat. Maluma),32,2017-01-01,Thalia,Bolivia,top200,1957
Gyal You A Party Animal - Remix,33,2017-01-01,"Charly Black, Daddy Yankee",Bolivia,top200,1925
Gyal You A Party Animal,34,2017-01-01,Charly Black,Bolivia,top200,1912
Bailame Despacio,35,2017-01-01,"Xantos, Dynell",Bolivia,top200,1819
Don't Let Me Down (feat. Daya),36,2017-01-01,The Chainsmokers,Bolivia,top200,1803
Bobo,37,2017-01-01,J Balvin,Bolivia,top200,1742
Treat You Better,38,2017-01-01,Shawn Mendes,Bolivia,top200,1738
Muchachita,39,2017-01-01,Bonny Lovy,Bolivia,top200,1724
Rockabye (feat. Sean Paul & Anne-Marie),40,2017-01-01,Clean Bandit,Bolivia,top200,1642
Ya Me Enteré (feat. Nicky Jam) - Urban Version,41,2017-01-01,Reik,Bolivia,top200,1615
Heathens,42,2017-01-01,Twenty One Pilots,Bolivia,top200,1498
"CAN'T STOP THE FEELING! (Original Song from DreamWorks Animation's ""TROLLS"")",43,2017-01-01,Justin Timberlake,Bolivia,top200,1492
Ride,44,2017-01-01,Twenty One Pilots,Bolivia,top200,1461
Side To Side,45,2017-01-01,"Ariana Grande, Nicki Minaj",Bolivia,top200,1440
La Gozadera (feat. Marc Anthony),46,2017-01-01,Gente De Zona,Bolivia,top200,1435
Hasta el Amanecer,47,2017-01-01,Nicky Jam,Bolivia,top200,1387
Cheap Thrills,48,2017-01-01,Sia,Bolivia,top200,1385
Amor y dolor,49,2017-01-01,"Carlos Baute, Alexis y Fido",Bolivia,top200,1381
Trumpets,50,2017-01-01,"Sak Noel & Salvi, Sean Paul",Bolivia,top200,1376
Loquita,51,2017-01-01,Marama,Bolivia,top200,1336
El chisme,52,2017-01-01,Reykon,Bolivia,top200,1307
Baila Conmigo,53,2017-01-01,"Juan Magán, Luciana",Bolivia,top200,1273
Te Quiero Pa´Mi,54,2017-01-01,"Don Omar, Zion & Lennox",Bolivia,top200,1266
Por Fin Te Encontré,55,2017-01-01,"Cali Y El Dandee, Juan Magán, Sebastian Yatra",Bolivia,top200,1235
I Feel It Coming,56,2017-01-01,"The Weeknd, Daft Punk",Bolivia,top200,1215
Locuras contigo,57,2017-01-01,Rombai,Bolivia,top200,1201
Light It Up (feat. Nyla & Fuse ODG) - Remix,58,2017-01-01,Major Lazer,Bolivia,top200,1157
Traicionera - Remix,59,2017-01-01,"Sebastian Yatra, Cosculluela, Cali Y El Dandee",Bolivia,top200,1145
Work,60,2017-01-01,"Rihanna, Drake",Bolivia,top200,1125
Ando,61,2017-01-01,Bonny Lovy,Bolivia,top200,1101
Tan Fácil,62,2017-01-01,CNCO,Bolivia,top200,1052
Middle,63,2017-01-01,"DJ Snake, Bipolar Sunshine",Bolivia,top200,1043
This Is What You Came For (feat. Rihanna),64,2017-01-01,Calvin Harris,Bolivia,top200,1036
Cake By The Ocean,65,2017-01-01,DNCE,Bolivia,top200,1025
Fuego,66,2017-01-01,Juanes,Bolivia,top200,1003
Deu Onda,1,2017-01-01,MC G15,Brazil,top200,612271
Hear Me Now,2,2017-01-01,"Alok, Bruno Martini, Zeeba",Brazil,top200,269574
10% - Ao Vivo,3,2017-01-01,Maiara & Maraisa,Brazil,top200,228307
Eu Sei de Cor - Ao Vivo | Acústico,4,2017-01-01,Marília Mendonça,Brazil,top200,217394
Meu Coração Deu PT - Ao Vivo,5,2017-01-01,"Wesley Safadão, Matheus & Kauan",Brazil,top200,214171
Medo Bobo - Ao Vivo,6,2017-01-01,Maiara & Maraisa,Brazil,top200,209183
Sim ou não (participação especial Maluma),7,2017-01-01,Anitta,Brazil,top200,192220
Closer,8,2017-01-01,"The Chainsmokers, Halsey",Brazil,top200,190936
50 Reais,9,2017-01-01,"Naiara Azevedo, Maiara & Maraisa",Brazil,top200,185333
Infiel - Ao Vivo,10,2017-01-01,Marília Mendonça,Brazil,top200,183344
Decide Aí - Na Praia / Ao Vivo,11,2017-01-01,Matheus & Kauan,Brazil,top200,166355
Te Assumi Pro Brasil - Ao Vivo,12,2017-01-01,Matheus & Kauan,Brazil,top200,160261
Malandramente,13,2017-01-01,"DENNIS, MC Nandinho, Nego Bam",Brazil,top200,156803
Cold Water (feat. Justin Bieber & MØ),14,2017-01-01,Major Lazer,Brazil,top200,152426
Starboy,15,2017-01-01,"The Weeknd, Daft Punk",Brazil,top200,152291
O Nosso Santo Bateu - Na Praia / Ao Vivo,16,2017-01-01,Matheus & Kauan,Brazil,top200,151785
Let Me Love You,17,2017-01-01,"DJ Snake, Justin Bieber",Brazil,top200,151704
"Eu, Você, O Mar e Ela",18,2017-01-01,Luan Santana,Brazil,top200,147937
Como Faz Com Ela - Ao Vivo,19,2017-01-01,Marília Mendonça,Brazil,top200,146556
E Essa Boca Aí? - Ao Vivo,20,2017-01-01,Bruninho & Davi,Brazil,top200,143845
Paredes - Ao Vivo,21,2017-01-01,Jorge & Mateus,Brazil,top200,142894
Como É Que a Gente Fica - Ao Vivo,22,2017-01-01,Henrique & Juliano,Brazil,top200,141131
One Dance,23,2017-01-01,"Drake, WizKid, Kyla",Brazil,top200,139770
Tumbalatum,24,2017-01-01,MC Kevinho,Brazil,top200,136943
Homem de Família - Ao Vivo,25,2017-01-01,Gusttavo Lima,Brazil,top200,136816
Ou Some Ou Soma - Ao Vivo,26,2017-01-01,Jorge & Mateus,Brazil,top200,134120
Flyva,145,2017-01-02,Volkan,Denmark,top200,7789
Malbec (Part. DENNIS) (feat. DENNIS) - Ao Vivo,27,2017-01-01,Henrique & Diego,Brazil,top200,133072
My Way,28,2017-01-01,Calvin Harris,Brazil,top200,132365
Sosseguei - Ao Vivo,29,2017-01-01,Jorge & Mateus,Brazil,top200,128396
Don't Wanna Know,30,2017-01-01,"Maroon 5, Kendrick Lamar",Brazil,top200,126564
Na Hora da Raiva - Ao Vivo,31,2017-01-01,Henrique & Juliano,Brazil,top200,121644
Side To Side,32,2017-01-01,"Ariana Grande, Nicki Minaj",Brazil,top200,120947
24K Magic,33,2017-01-01,Bruno Mars,Brazil,top200,119691
Bumbum Granada,34,2017-01-01,Mc's Zaac & Jerry Smith,Brazil,top200,119022
Você Merece Cachê - Ao Vivo,35,2017-01-01,"Israel Novaes, Wesley Safadão",Brazil,top200,117785
Louca de Saudade - Ao Vivo,36,2017-01-01,Jorge & Mateus,Brazil,top200,113836
Chantaje (feat. Maluma),37,2017-01-01,Shakira,Brazil,top200,112718
Nada Nada - Ao Vivo,38,2017-01-01,Henrique & Juliano,Brazil,top200,111963
Vou Voando - Ao Vivo,39,2017-01-01,Jorge & Mateus,Brazil,top200,110788
Sorry,40,2017-01-01,Justin Bieber,Brazil,top200,110417
A Rosa E O Beija-Flor - Na Praia / Ao Vivo,41,2017-01-01,Matheus & Kauan,Brazil,top200,109567
Aquele 1% - Ao Vivo,42,2017-01-01,"Marcos & Belutti, Wesley Safadão",Brazil,top200,106028
Seu Polícia - Ao Vivo,43,2017-01-01,Zé Neto & Cristiano,Brazil,top200,105441
Flor e o Beija-Flor - Ao Vivo,44,2017-01-01,"Henrique & Juliano, Marília Mendonça",Brazil,top200,103771
Pra Sempre Com Você - Ao Vivo,45,2017-01-01,Jorge & Mateus,Brazil,top200,103167
Cheap Thrills,46,2017-01-01,Sia,Brazil,top200,100713
Ela Só Quer Paz,47,2017-01-01,Projota,Brazil,top200,98622
Rockabye (feat. Sean Paul & Anne-Marie),48,2017-01-01,Clean Bandit,Brazil,top200,93502
Suíte 14 (feat. Mc Guimê) - Ao Vivo,49,2017-01-01,"Henrique & Diego, MC Guime",Brazil,top200,91197
Treat You Better,50,2017-01-01,Shawn Mendes,Brazil,top200,88841
Bom,51,2017-01-01,LUDMILLA,Brazil,top200,88012
In the Name of Love,52,2017-01-01,"Martin Garrix, Bebe Rexha",Brazil,top200,86200
Na Ponta Ela Fica,53,2017-01-01,Delano,Brazil,top200,85139
Sou eu,54,2017-01-01,LUDMILLA,Brazil,top200,84670
Estaca Zero,55,2017-01-01,"Luan Santana, Ivete Sangalo",Brazil,top200,84609
Impasse - Ao Vivo,56,2017-01-01,"Marília Mendonça, Henrique & Juliano",Brazil,top200,81318
Que Sorte A Nossa - Live,57,2017-01-01,Matheus & Kauan,Brazil,top200,80504
I Took A Pill In Ibiza - Seeb Remix,58,2017-01-01,Mike Posner,Brazil,top200,79898
This Is What You Came For (feat. Rihanna),59,2017-01-01,Calvin Harris,Brazil,top200,78357
Work,60,2017-01-01,"Rihanna, Drake",Brazil,top200,78310
"CAN'T STOP THE FEELING! (Original Song from DreamWorks Animation's ""TROLLS"")",61,2017-01-01,Justin Timberlake,Brazil,top200,77131
Just Hold On,62,2017-01-01,"Steve Aoki, Louis Tomlinson",Brazil,top200,76973
Don't Let Me Down (feat. Daya),63,2017-01-01,The Chainsmokers,Brazil,top200,76831
Fala a Verdade - Ao Vivo,64,2017-01-01,"Maiara & Maraisa, Jorge & Mateus",Brazil,top200,76521
This Girl (Kungs Vs. Cookin' On 3 Burners),65,2017-01-01,Kungs,Brazil,top200,76192
O Que Falta Em Você Sou Eu - Ao Vivo,66,2017-01-01,Marília Mendonça,Brazil,top200,71660
Quase um Casal - Ao Vivo,67,2017-01-01,Maiara & Maraisa,Brazil,top200,69319
Bang,68,2017-01-01,Anitta,Brazil,top200,68574
Parece Piada - Ao Vivo,69,2017-01-01,Henrique & Juliano,Brazil,top200,68574
Work from Home (feat. Ty Dolla $ign),70,2017-01-01,Fifth Harmony,Brazil,top200,68122
I Feel It Coming,71,2017-01-01,"The Weeknd, Daft Punk",Brazil,top200,64056
Partiu,72,2017-01-01,MC Kekel,Brazil,top200,63962
Amei Te Ver,73,2017-01-01,Tiago Iorc,Brazil,top200,63411
"I Don’t Wanna Live Forever (Fifty Shades Darker) - From ""Fifty Shades Darker (Original Motion Picture Soundtrack)""",74,2017-01-01,"ZAYN, Taylor Swift",Brazil,top200,62807
Incerteza - Na Praia / Ao Vivo,75,2017-01-01,Matheus & Kauan,Brazil,top200,60181
Black Beatles,76,2017-01-01,"Rae Sremmurd, Gucci Mane",Brazil,top200,59541
O Verão Está Chegando,77,2017-01-01,Mc Davi,Brazil,top200,59363
Cake By The Ocean,78,2017-01-01,DNCE,Brazil,top200,59059
Solteiro de Novo - Ao Vivo,79,2017-01-01,"Wesley Safadão, Ronaldinho Gaúcho",Brazil,top200,58432
Mercy,80,2017-01-01,Shawn Mendes,Brazil,top200,55275
Essa mina é louca (Participação especial de Jhama),81,2017-01-01,Anitta,Brazil,top200,55250
Olha a Explosão,82,2017-01-01,MC Kevinho,Brazil,top200,53559
Stressed Out,83,2017-01-01,Twenty One Pilots,Brazil,top200,52766
We Don't Talk Anymore (feat. Selena Gomez),84,2017-01-01,Charlie Puth,Brazil,top200,51795
Fake Love,85,2017-01-01,Drake,Brazil,top200,50986
Heathens,86,2017-01-01,Twenty One Pilots,Brazil,top200,50975
Nada Bom II,87,2017-01-01,"Costa Gold, Luccas Carlos, Don L",Brazil,top200,50967
Hymn for the Weekend - Seeb Remix,88,2017-01-01,Coldplay,Brazil,top200,50349
Tudo de Bom,89,2017-01-01,Mc Livinho,Brazil,top200,50166
Bad Things (with Camila Cabello),90,2017-01-01,Machine Gun Kelly,Brazil,top200,50098
Fantasma,91,2017-01-01,"Luan Santana, Marília Mendonça",Brazil,top200,49152
Love Yourself,92,2017-01-01,Justin Bieber,Brazil,top200,48881
Lean On (feat. MØ & DJ Snake),93,2017-01-01,Major Lazer,Brazil,top200,48668
That's My Girl,94,2017-01-01,Fifth Harmony,Brazil,top200,47466
Sentimento Louco - Ao Vivo,95,2017-01-01,Marília Mendonça,Brazil,top200,47433
Coração Machucado - Ao Vivo,96,2017-01-01,Wesley Safadão,Brazil,top200,47318
Cheia de Marra,97,2017-01-01,Mc Livinho,Brazil,top200,47271
Our Way,98,2017-01-01,"FTampa, Kamatos",Brazil,top200,46684
Regime Fechado - Ao Vivo,99,2017-01-01,Simone & Simaria,Brazil,top200,46494
Vou Dar Virote - Ao Vivo,100,2017-01-01,Wesley Safadão,Brazil,top200,46345
Camarote,101,2017-01-01,Wesley Safadão,Brazil,top200,46169
I Would Like,102,2017-01-01,Zara Larsson,Brazil,top200,45030
Send My Love (To Your New Lover),103,2017-01-01,Adele,Brazil,top200,44361
Ela Domina o Ratatá Tum Tum - Ao Vivo,104,2017-01-01,Wesley Safadão,Brazil,top200,43505
Ride,105,2017-01-01,Twenty One Pilots,Brazil,top200,43004
Shed a Light,106,2017-01-01,"Robin Schulz, David Guetta, Cheat Codes",Brazil,top200,42690
Hotline Bling,107,2017-01-01,Drake,Brazil,top200,42236
Não Me Deixe Sozinho,108,2017-01-01,Nego do Borel,Brazil,top200,41635
De Tanto Te Querer - Ao Vivo,109,2017-01-01,Jorge & Mateus,Brazil,top200,40837
Meu Violão E O Nosso Cachorro - Ao Vivo,110,2017-01-01,Simone & Simaria,Brazil,top200,40633
All We Know,111,2017-01-01,"The Chainsmokers, Phoebe Ryan",Brazil,top200,40623
Duvido Você Não Tomar Uma - Ao Vivo,112,2017-01-01,Simone & Simaria,Brazil,top200,40043
Turutum,113,2017-01-01,MC Kevinho,Brazil,top200,39837
De Buenas,114,2017-01-01,Lucas Lucco,Brazil,top200,39710
Deixa a Gente Quieto - Ao Vivo,115,2017-01-01,"João Bosco & Vinicius, Henrique & Juliano",Brazil,top200,39698
Os Anjos Cantam,116,2017-01-01,Jorge & Mateus,Brazil,top200,39395
By Your Side,117,2017-01-01,"Jonas Blue, RAYE",Brazil,top200,39387
Você Foi Diferente,118,2017-01-01,MC G15,Brazil,top200,39241
Vou Desafiar Você,119,2017-01-01,Mc Sapao,Brazil,top200,39199
Pé Direito,120,2017-01-01,Mc Davi,Brazil,top200,39081
Sugar,121,2017-01-01,Maroon 5,Brazil,top200,38790
Quando O Mel É Bom - Ao Vivo,122,2017-01-01,Simone & Simaria,Brazil,top200,38002
How Deep Is Your Love,123,2017-01-01,"Calvin Harris, Disciples",Brazil,top200,37856
Solteiro de Novo - Ao Vivo,124,2017-01-01,"Wesley Safadão, Ronaldinho Gaúcho",Brazil,top200,37593
Made In Roça,125,2017-01-01,Loubet,Brazil,top200,37473
Tim Tim - Ao Vivo,126,2017-01-01,Wesley Safadão,Brazil,top200,37363
Folgado - Ao Vivo,127,2017-01-01,Marília Mendonça,Brazil,top200,37320
Photograph,128,2017-01-01,Ed Sheeran,Brazil,top200,37266
Starving,129,2017-01-01,"Hailee Steinfeld, Grey, Zedd",Brazil,top200,37178
Scars To Your Beautiful,130,2017-01-01,Alessia Cara,Brazil,top200,37132
